{
  "Get Pet Belonging to Owner" : {
    "transaction" : "Get Pet Belonging to Owner",
    "sampleCount" : 2490,
    "errorCount" : 0,
    "errorPct" : 0.0,
    "meanResTime" : 3.3935742971887564,
    "medianResTime" : 3.0,
    "minResTime" : 1.0,
    "maxResTime" : 26.0,
    "pct1ResTime" : 6.0,
    "pct2ResTime" : 9.0,
    "pct3ResTime" : 15.0,
    "throughput" : 4.158031931681364,
    "receivedKBytesPerSec" : 2.4293068689142863,
    "sentKBytesPerSec" : 0.8248518022730574
  },
  "Delete Owner" : {
    "transaction" : "Delete Owner",
    "sampleCount" : 2466,
    "errorCount" : 0,
    "errorPct" : 0.0,
    "meanResTime" : 3.601784266017839,
    "medianResTime" : 3.0,
    "minResTime" : 1.0,
    "maxResTime" : 64.0,
    "pct1ResTime" : 6.0,
    "pct2ResTime" : 8.0,
    "pct3ResTime" : 14.0,
    "throughput" : 4.115514789818357,
    "receivedKBytesPerSec" : 1.3584414052330123,
    "sentKBytesPerSec" : 0.8663594894241616
  },
  "Add Pet to Owner" : {
    "transaction" : "Add Pet to Owner",
    "sampleCount" : 2542,
    "errorCount" : 0,
    "errorPct" : 0.0,
    "meanResTime" : 3.378835562549167,
    "medianResTime" : 3.0,
    "minResTime" : 1.0,
    "maxResTime" : 47.0,
    "pct1ResTime" : 6.0,
    "pct2ResTime" : 8.0,
    "pct3ResTime" : 13.0,
    "throughput" : 4.240483101457979,
    "receivedKBytesPerSec" : 2.3593173960731324,
    "sentKBytesPerSec" : 1.2198674119207287
  },
  "Total" : {
    "transaction" : "Total",
    "sampleCount" : 20079,
    "errorCount" : 0,
    "errorPct" : 0.0,
    "meanResTime" : 3.8363464315951825,
    "medianResTime" : 3.0,
    "minResTime" : 0.0,
    "maxResTime" : 256.0,
    "pct1ResTime" : 7.0,
    "pct2ResTime" : 9.0,
    "pct3ResTime" : 15.0,
    "throughput" : 33.47917284983976,
    "receivedKBytesPerSec" : 15.315349057663578,
    "sentKBytesPerSec" : 8.853284023048925
  },
  "Create Owner" : {
    "transaction" : "Create Owner",
    "sampleCount" : 2554,
    "errorCount" : 0,
    "errorPct" : 0.0,
    "meanResTime" : 3.5391542678152024,
    "medianResTime" : 3.0,
    "minResTime" : 1.0,
    "maxResTime" : 256.0,
    "pct1ResTime" : 6.0,
    "pct2ResTime" : 7.0,
    "pct3ResTime" : 13.0,
    "throughput" : 4.259577377874881,
    "receivedKBytesPerSec" : 2.4424176833336113,
    "sentKBytesPerSec" : 1.3602361353174668
  },
  "Delete Pet" : {
    "transaction" : "Delete Pet",
    "sampleCount" : 2477,
    "errorCount" : 0,
    "errorPct" : 0.0,
    "meanResTime" : 4.6039563988696015,
    "medianResTime" : 4.0,
    "minResTime" : 1.0,
    "maxResTime" : 40.0,
    "pct1ResTime" : 8.0,
    "pct2ResTime" : 10.0,
    "pct3ResTime" : 19.0,
    "throughput" : 4.134935446930266,
    "receivedKBytesPerSec" : 1.364851739318779,
    "sentKBytesPerSec" : 0.8623893180695176
  },
  "Update Owner" : {
    "transaction" : "Update Owner",
    "sampleCount" : 2518,
    "errorCount" : 0,
    "errorPct" : 0.0,
    "meanResTime" : 4.913026211278783,
    "medianResTime" : 4.0,
    "minResTime" : 1.0,
    "maxResTime" : 61.0,
    "pct1ResTime" : 8.0,
    "pct2ResTime" : 11.0,
    "pct3ResTime" : 19.0,
    "throughput" : 4.201056770992354,
    "receivedKBytesPerSec" : 1.6369352066659657,
    "sentKBytesPerSec" : 1.3808179547627268
  },
  "Update Pet" : {
    "transaction" : "Update Pet",
    "sampleCount" : 2503,
    "errorCount" : 0,
    "errorPct" : 0.0,
    "meanResTime" : 4.529764282860564,
    "medianResTime" : 3.0,
    "minResTime" : 1.0,
    "maxResTime" : 51.0,
    "pct1ResTime" : 8.0,
    "pct2ResTime" : 11.0,
    "pct3ResTime" : 19.920000000000073,
    "throughput" : 4.179342726140344,
    "receivedKBytesPerSec" : 1.6284743630175755,
    "sentKBytesPerSec" : 1.2022618652299724
  },
  "Schedule Visit" : {
    "transaction" : "Schedule Visit",
    "sampleCount" : 2529,
    "errorCount" : 0,
    "errorPct" : 0.0,
    "meanResTime" : 2.7508896797153035,
    "medianResTime" : 2.0,
    "minResTime" : 0.0,
    "maxResTime" : 21.0,
    "pct1ResTime" : 5.0,
    "pct2ResTime" : 6.0,
    "pct3ResTime" : 10.0,
    "throughput" : 4.2191065970878325,
    "receivedKBytesPerSec" : 2.108359102338776,
    "sentKBytesPerSec" : 1.143675025983624
  }
}