{
  "Get Pet Belonging to Owner" : {
    "transaction" : "Get Pet Belonging to Owner",
    "sampleCount" : 2490,
    "errorCount" : 2490,
    "errorPct" : 100.0,
    "meanResTime" : 3.4224899598393543,
    "medianResTime" : 2.0,
    "minResTime" : 1.0,
    "maxResTime" : 422.0,
    "pct1ResTime" : 4.900000000000091,
    "pct2ResTime" : 6.0,
    "pct3ResTime" : 9.090000000000146,
    "throughput" : 4.158379133954919,
    "receivedKBytesPerSec" : 2.698073336523094,
    "sentKBytesPerSec" : 0.8104253247376797
  },
  "Delete Owner" : {
    "transaction" : "Delete Owner",
    "sampleCount" : 2465,
    "errorCount" : 0,
    "errorPct" : 0.0,
    "meanResTime" : 3.4494929006085173,
    "medianResTime" : 3.0,
    "minResTime" : 1.0,
    "maxResTime" : 141.0,
    "pct1ResTime" : 5.0,
    "pct2ResTime" : 7.0,
    "pct3ResTime" : 12.0,
    "throughput" : 4.114388341509254,
    "receivedKBytesPerSec" : 1.3339618450987036,
    "sentKBytesPerSec" : 0.8661216475663351
  },
  "Add Pet to Owner" : {
    "transaction" : "Add Pet to Owner",
    "sampleCount" : 2542,
    "errorCount" : 2542,
    "errorPct" : 100.0,
    "meanResTime" : 1.9575137686860724,
    "medianResTime" : 1.0,
    "minResTime" : 0.0,
    "maxResTime" : 311.0,
    "pct1ResTime" : 3.0,
    "pct2ResTime" : 4.0,
    "pct3ResTime" : 7.0,
    "throughput" : 4.240865123138574,
    "receivedKBytesPerSec" : 5.495240092378956,
    "sentKBytesPerSec" : 1.1661382007771028
  },
  "Total" : {
    "transaction" : "Total",
    "sampleCount" : 20079,
    "errorCount" : 12541,
    "errorPct" : 62.45829,
    "meanResTime" : 3.1052841276956373,
    "medianResTime" : 2.0,
    "minResTime" : 0.0,
    "maxResTime" : 611.0,
    "pct1ResTime" : 4.0,
    "pct2ResTime" : 5.0,
    "pct3ResTime" : 10.0,
    "throughput" : 33.48034515819751,
    "receivedKBytesPerSec" : 23.738979323856768,
    "sentKBytesPerSec" : 8.688834270394764
  },
  "Create Owner" : {
    "transaction" : "Create Owner",
    "sampleCount" : 2555,
    "errorCount" : 0,
    "errorPct" : 0.0,
    "meanResTime" : 3.9001956947162433,
    "medianResTime" : 3.0,
    "minResTime" : 1.0,
    "maxResTime" : 611.0,
    "pct1ResTime" : 5.0,
    "pct2ResTime" : 6.0,
    "pct3ResTime" : 11.0,
    "throughput" : 4.26049198260452,
    "receivedKBytesPerSec" : 2.417979666989608,
    "sentKBytesPerSec" : 1.3605282014762479
  },
  "Delete Pet" : {
    "transaction" : "Delete Pet",
    "sampleCount" : 2477,
    "errorCount" : 2477,
    "errorPct" : 100.0,
    "meanResTime" : 2.7537343560758965,
    "medianResTime" : 2.0,
    "minResTime" : 1.0,
    "maxResTime" : 599.0,
    "pct1ResTime" : 4.0,
    "pct2ResTime" : 4.0,
    "pct3ResTime" : 8.2199999999998,
    "throughput" : 4.135259893655206,
    "receivedKBytesPerSec" : 2.542926393897278,
    "sentKBytesPerSec" : 0.848051345378509
  },
  "Update Owner" : {
    "transaction" : "Update Owner",
    "sampleCount" : 2518,
    "errorCount" : 0,
    "errorPct" : 0.0,
    "meanResTime" : 4.929308975377295,
    "medianResTime" : 3.0,
    "minResTime" : 1.0,
    "maxResTime" : 552.0,
    "pct1ResTime" : 6.0,
    "pct2ResTime" : 7.0,
    "pct3ResTime" : 14.809999999999945,
    "throughput" : 4.201063780089828,
    "receivedKBytesPerSec" : 1.612322329663381,
    "sentKBytesPerSec" : 1.380820258537269
  },
  "Update Pet" : {
    "transaction" : "Update Pet",
    "sampleCount" : 2503,
    "errorCount" : 2503,
    "errorPct" : 100.0,
    "meanResTime" : 1.926887734718341,
    "medianResTime" : 1.0,
    "minResTime" : 0.0,
    "maxResTime" : 140.0,
    "pct1ResTime" : 3.0,
    "pct2ResTime" : 4.0,
    "pct3ResTime" : 6.0,
    "throughput" : 4.179586984001349,
    "receivedKBytesPerSec" : 2.5701096155339367,
    "sentKBytesPerSec" : 1.1346925601097413
  },
  "Schedule Visit" : {
    "transaction" : "Schedule Visit",
    "sampleCount" : 2529,
    "errorCount" : 2529,
    "errorPct" : 100.0,
    "meanResTime" : 2.502570185844211,
    "medianResTime" : 2.0,
    "minResTime" : 0.0,
    "maxResTime" : 146.0,
    "pct1ResTime" : 4.0,
    "pct2ResTime" : 4.0,
    "pct3ResTime" : 7.0,
    "throughput" : 4.219416322417463,
    "receivedKBytesPerSec" : 5.087693283032074,
    "sentKBytesPerSec" : 1.1290235081468605
  }
}